"Country Name","Country Code","Indicator Name","Indicator Code","1960","1961","1962","1963","1964","1965","1966","1967","1968","1969","1970","1971","1972","1973","1974","1975","1976","1977","1978","1979","1980","1981","1982","1983","1984","1985","1986","1987","1988","1989","1990","1991","1992","1993","1994","1995","1996","1997","1998","1999","2000","2001","2002","2003","2004","2005","2006","2007","2008","2009","2010","2011","2012","2013","2014","2015","2016","2017","2018","2019","2020",
"Aruba","ABW","CPIA gender equality rating (1=low to 6=high)","IQ.CPA.GNDR.XQ","","","","","","","","","","","","","","","","","","","","","","","","","","","","","","","","","","","","","","","","","","","","","","","","","","","","","","","","","","","","","",
"Afghanistan","AFG","CPIA gender equality rating (1=low to 6=high)","IQ.CPA.GNDR.XQ","","","","","","","","","","","","","","","","","","","","","","","","","","","","","","","","","","","","","","","","","","","","","","","2","2","2","2","2","2","2","1.5","1.5","1.5","1.5","1.5","1.5","1.5","",
"Angola","AGO","CPIA gender equality rating (1=low to 6=high)","IQ.CPA.GNDR.XQ","","","","","","","","","","","","","","","","","","","","","","","","","","","","","","","","","","","","","","","","","","","","","","3","3","3","3","3.5","3.5","3.5","3","3","","","","","","","",
"Albania","ALB","CPIA gender equality rating (1=low to 6=high)","IQ.CPA.GNDR.XQ","","","","","","","","","","","","","","","","","","","","","","","","","","","","","","","","","","","","","","","","","","","","","","4","4","","","","","","","","","","","","","","",
"Andorra","AND","CPIA gender equality rating (1=low to 6=high)","IQ.CPA.GNDR.XQ","","","","","","","","","","","","","","","","","","","","","","","","","","","","","","","","","","","","","","","","","","","","","","","","","","","","","","","","","","","","","",
"Arab World","ARB","CPIA gender equality rating (1=low to 6=high)","IQ.CPA.GNDR.XQ","","","","","","","","","","","","","","","","","","","","","","","","","","","","","","","","","","","","","","","","","","","","","","2.8","2.8","2.7","2.7","2.8","2.9","2.8","2.8","2.8","2.8","2.7","2.7","2.58333333333333","2.7","2.58333333333333","",
"United Arab Emirates","ARE","CPIA gender equality rating (1=low to 6=high)","IQ.CPA.GNDR.XQ","","","","","","","","","","","","","","","","","","","","","","","","","","","","","","","","","","","","","","","","","","","","","","","","","","","","","","","","","","","","","",
"Argentina","ARG","CPIA gender equality rating (1=low to 6=high)","IQ.CPA.GNDR.XQ","","","","","","","","","","","","","","","","","","","","","","","","","","","","","","","","","","","","","","","","","","","","","","","","","","","","","","","","","","","","","",
"Armenia","ARM","CPIA gender equality rating (1=low to 6=high)","IQ.CPA.GNDR.XQ","","","","","","","","","","","","","","","","","","","","","","","","","","","","","","","","","","","","","","","","","","","","","","4.5","4.5","4.5","4.5","4.5","4.5","4","4.5","4.5","","","","","","","",
"American Samoa","ASM","CPIA gender equality rating (1=low to 6=high)","IQ.CPA.GNDR.XQ","","","","","","","","","","","","","","","","","","","","","","","","","","","","","","","","","","","","","","","","","","","","","","","","","","","","","","","","","","","","","",
"Antigua and Barbuda","ATG","CPIA gender equality rating (1=low to 6=high)","IQ.CPA.GNDR.XQ","","","","","","","","","","","","","","","","","","","","","","","","","","","","","","","","","","","","","","","","","","","","","","","","","","","","","","","","","","","","","",
"Australia","AUS","CPIA gender equality rating (1=low to 6=high)","IQ.CPA.GNDR.XQ","","","","","","","","","","","","","","","","","","","","","","","","","","","","","","","","","","","","","","","","","","","","","","","","","","","","","","","","","","","","","",
"Austria","AUT","CPIA gender equality rating (1=low to 6=high)","IQ.CPA.GNDR.XQ","","","","","","","","","","","","","","","","","","","","","","","","","","","","","","","","","","","","","","","","","","","","","","","","","","","","","","","","","","","","","",
"Azerbaijan","AZE","CPIA gender equality rating (1=low to 6=high)","IQ.CPA.GNDR.XQ","","","","","","","","","","","","","","","","","","","","","","","","","","","","","","","","","","","","","","","","","","","","","","4","4","4","4","4","4","","","","","","","","","","",
"Burundi","BDI","CPIA gender equality rating (1=low to 6=high)","IQ.CPA.GNDR.XQ","","","","","","","","","","","","","","","","","","","","","","","","","","","","","","","","","","","","","","","","","","","","","","3.5","3.5","4","4","4","4","4","4","4","4","4","4","4","4","4","",
"Belgium","BEL","CPIA gender equality rating (1=low to 6=high)","IQ.CPA.GNDR.XQ","","","","","","","","","","","","","","","","","","","","","","","","","","","","","","","","","","","","","","","","","","","","","","","","","","","","","","","","","","","","","",
"Benin","BEN","CPIA gender equality rating (1=low to 6=high)","IQ.CPA.GNDR.XQ","","","","","","","","","","","","","","","","","","","","","","","","","","","","","","","","","","","","","","","","","","","","","","3","3","3.5","3.5","3.5","3.5","3.5","3.5","3.5","3.5","3.5","3.5","3.5","3.5","3.5","",
"Burkina Faso","BFA","CPIA gender equality rating (1=low to 6=high)","IQ.CPA.GNDR.XQ","","","","","","","","","","","","","","","","","","","","","","","","","","","","","","","","","","","","","","","","","","","","","","3.5","3.5","3.5","3.5","3.5","3.5","3.5","3.5","3.5","3.5","3.5","3.5","3.5","3.5","3.5","",
"Bangladesh","BGD","CPIA gender equality rating (1=low to 6=high)","IQ.CPA.GNDR.XQ","","","","","","","","","","","","","","","","","","","","","","","","","","","","","","","","","","","","","","","","","","","","","","4","4","4","4","4","4","3.5","3.5","3.5","3.5","3.5","3.5","3","3","3","",
"Bulgaria","BGR","CPIA gender equality rating (1=low to 6=high)","IQ.CPA.GNDR.XQ","","","","","","","","","","","","","","","","","","","","","","","","","","","","","","","","","","","","","","","","","","","","","","","","","","","","","","","","","","","","","",
"Bahrain","BHR","CPIA gender equality rating (1=low to 6=high)","IQ.CPA.GNDR.XQ","","","","","","","","","","","","","","","","","","","","","","","","","","","","","","","","","","","","","","","","","","","","","","","","","","","","","","","","","","","","","",
"Bahamas, The","BHS","CPIA gender equality rating (1=low to 6=high)","IQ.CPA.GNDR.XQ","","","","","","","","","","","","","","","","","","","","","","","","","","","","","","","","","","","","","","","","","","","","","","","","","","","","","","","","","","","","","",
"Bosnia and Herzegovina","BIH","CPIA gender equality rating (1=low to 6=high)","IQ.CPA.GNDR.XQ","","","","","","","","","","","","","","","","","","","","","","","","","","","","","","","","","","","","","","","","","","","","","","4","4.5","4.5","4.5","4.5","4.5","4","4","4","","","","","","","",
"Belarus","BLR","CPIA gender equality rating (1=low to 6=high)","IQ.CPA.GNDR.XQ","","","","","","","","","","","","","","","","","","","","","","","","","","","","","","","","","","","","","","","","","","","","","","","","","","","","","","","","","","","","","",
"Belize","BLZ","CPIA gender equality rating (1=low to 6=high)","IQ.CPA.GNDR.XQ","","","","","","","","","","","","","","","","","","","","","","","","","","","","","","","","","","","","","","","","","","","","","","","","","","","","","","","","","","","","","",
"Bermuda","BMU","CPIA gender equality rating (1=low to 6=high)","IQ.CPA.GNDR.XQ","","","","","","","","","","","","","","","","","","","","","","","","","","","","","","","","","","","","","","","","","","","","","","","","","","","","","","","","","","","","","",
"Bolivia","BOL","CPIA gender equality rating (1=low to 6=high)","IQ.CPA.GNDR.XQ","","","","","","","","","","","","","","","","","","","","","","","","","","","","","","","","","","","","","","","","","","","","","","3.5","4","4","4","4","4","4","4","4","4","4","","","","","",
"Brazil","BRA","CPIA gender equality rating (1=low to 6=high)","IQ.CPA.GNDR.XQ","","","","","","","","","","","","","","","","","","","","","","","","","","","","","","","","","","","","","","","","","","","","","","","","","","","","","","","","","","","","","",
"Barbados","BRB","CPIA gender equality rating (1=low to 6=high)","IQ.CPA.GNDR.XQ","","","","","","","","","","","","","","","","","","","","","","","","","","","","","","","","","","","","","","","","","","","","","","","","","","","","","","","","","","","","","",
"Brunei Darussalam","BRN","CPIA gender equality rating (1=low to 6=high)","IQ.CPA.GNDR.XQ","","","","","","","","","","","","","","","","","","","","","","","","","","","","","","","","","","","","","","","","","","","","","","","","","","","","","","","","","","","","","",
"Bhutan","BTN","CPIA gender equality rating (1=low to 6=high)","IQ.CPA.GNDR.XQ","","","","","","","","","","","","","","","","","","","","","","","","","","","","","","","","","","","","","","","","","","","","","","4.5","4","4","4","4","4","4","4","4","4","4","4","4","4","4","",
"Botswana","BWA","CPIA gender equality rating (1=low to 6=high)","IQ.CPA.GNDR.XQ","","","","","","","","","","","","","","","","","","","","","","","","","","","","","","","","","","","","","","","","","","","","","","","","","","","","","","","","","","","","","",
"Central African Republic","CAF","CPIA gender equality rating (1=low to 6=high)","IQ.CPA.GNDR.XQ","","","","","","","","","","","","","","","","","","","","","","","","","","","","","","","","","","","","","","","","","","","","","","2.5","2.5","2.5","2.5","2.5","2.5","2.5","2.5","2.5","2.5","2.5","2.5","2.5","2.5","2.5","",
"Canada","CAN","CPIA gender equality rating (1=low to 6=high)","IQ.CPA.GNDR.XQ","","","","","","","","","","","","","","","","","","","","","","","","","","","","","","","","","","","","","","","","","","","","","","","","","","","","","","","","","","","","","",
"Central Europe and the Baltics","CEB","CPIA gender equality rating (1=low to 6=high)","IQ.CPA.GNDR.XQ","","","","","","","","","","","","","","","","","","","","","","","","","","","","","","","","","","","","","","","","","","","","","","","","","","","","","","","","","","","","","",
"Switzerland","CHE","CPIA gender equality rating (1=low to 6=high)","IQ.CPA.GNDR.XQ","","","","","","","","","","","","","","","","","","","","","","","","","","","","","","","","","","","","","","","","","","","","","","","","","","","","","","","","","","","","","",
"Channel Islands","CHI","CPIA gender equality rating (1=low to 6=high)","IQ.CPA.GNDR.XQ","","","","","","","","","","","","","","","","","","","","","","","","","","","","","","","","","","","","","","","","","","","","","","","","","","","","","","","","","","","","","",
"Chile","CHL","CPIA gender equality rating (1=low to 6=high)","IQ.CPA.GNDR.XQ","","","","","","","","","","","","","","","","","","","","","","","","","","","","","","","","","","","","","","","","","","","","","","","","","","","","","","","","","","","","","",
"China","CHN","CPIA gender equality rating (1=low to 6=high)","IQ.CPA.GNDR.XQ","","","","","","","","","","","","","","","","","","","","","","","","","","","","","","","","","","","","","","","","","","","","","","","","","","","","","","","","","","","","","",
"Cote d'Ivoire","CIV","CPIA gender equality rating (1=low to 6=high)","IQ.CPA.GNDR.XQ","","","","","","","","","","","","","","","","","","","","","","","","","","","","","","","","","","","","","","","","","","","","","","2.5","2.5","2.5","2.5","2.5","2.5","2.5","2.5","3","3","3","3","3","3","3","",
"Cameroon","CMR","CPIA gender equality rating (1=low to 6=high)","IQ.CPA.GNDR.XQ","","","","","","","","","","","","","","","","","","","","","","","","","","","","","","","","","","","","","","","","","","","","","","3.5","3.5","3","3","3","3","3","3","3","3","3","3","3","3","3","",
"Congo, Dem. Rep.","COD","CPIA gender equality rating (1=low to 6=high)","IQ.CPA.GNDR.XQ","","","","","","","","","","","","","","","","","","","","","","","","","","","","","","","","","","","","","","","","","","","","","","3","3","3","3","2.5","2.5","2.5","2.5","2.5","2.5","2.5","2.5","2.5","3","3","",
"Congo, Rep.","COG","CPIA gender equality rating (1=low to 6=high)","IQ.CPA.GNDR.XQ","","","","","","","","","","","","","","","","","","","","","","","","","","","","","","","","","","","","","","","","","","","","","","3","3","3","3","3","3","3","3","3","3","3","3","3","3","3","",
"Colombia","COL","CPIA gender equality rating (1=low to 6=high)","IQ.CPA.GNDR.XQ","","","","","","","","","","","","","","","","","","","","","","","","","","","","","","","","","","","","","","","","","","","","","","","","","","","","","","","","","","","","","",
"Comoros","COM","CPIA gender equality rating (1=low to 6=high)","IQ.CPA.GNDR.XQ","","","","","","","","","","","","","","","","","","","","","","","","","","","","","","","","","","","","","","","","","","","","","","3","3","3","3","3","3","2.5","2.5","2.5","2.5","3","3","3","3","3","",
"Cabo Verde","CPV","CPIA gender equality rating (1=low to 6=high)","IQ.CPA.GNDR.XQ","","","","","","","","","","","","","","","","","","","","","","","","","","","","","","","","","","","","","","","","","","","","","","4.5","4.5","4.5","4.5","4.5","4.5","4.5","4.5","4.5","4.5","4","4","4","4","4","",
"Costa Rica","CRI","CPIA gender equality rating (1=low to 6=high)","IQ.CPA.GNDR.XQ","","","","","","","","","","","","","","","","","","","","","","","","","","","","","","","","","","","","","","","","","","","","","","","","","","","","","","","","","","","","","",
"Caribbean small states","CSS","CPIA gender equality rating (1=low to 6=high)","IQ.CPA.GNDR.XQ","","","","","","","","","","","","","","","","","","","","","","","","","","","","","","","","","","","","","","","","","","","","","","4.3","4.3","4","4","3.9","3.7","3.7","3.5","3.5","3.4","3.4","3.3","3.4","3.4","3.4","",
"Cuba","CUB","CPIA gender equality rating (1=low to 6=high)","IQ.CPA.GNDR.XQ","","","","","","","","","","","","","","","","","","","","","","","","","","","","","","","","","","","","","","","","","","","","","","","","","","","","","","","","","","","","","",
"Curacao","CUW","CPIA gender equality rating (1=low to 6=high)","IQ.CPA.GNDR.XQ","","","","","","","","","","","","","","","","","","","","","","","","","","","","","","","","","","","","","","","","","","","","","","","","","","","","","","","","","","","","","",
"Cayman Islands","CYM","CPIA gender equality rating (1=low to 6=high)","IQ.CPA.GNDR.XQ","","","","","","","","","","","","","","","","","","","","","","","","","","","","","","","","","","","","","","","","","","","","","","","","","","","","","","","","","","","","","",
"Cyprus","CYP","CPIA gender equality rating (1=low to 6=high)","IQ.CPA.GNDR.XQ","","","","","","","","","","","","","","","","","","","","","","","","","","","","","","","","","","","","","","","","","","","","","","","","","","","","","","","","","","","","","",
"Czech Republic","CZE","CPIA gender equality rating (1=low to 6=high)","IQ.CPA.GNDR.XQ","","","","","","","","","","","","","","","","","","","","","","","","","","","","","","","","","","","","","","","","","","","","","","","","","","","","","","","","","","","","","",
"Germany","DEU","CPIA gender equality rating (1=low to 6=high)","IQ.CPA.GNDR.XQ","","","","","","","","","","","","","","","","","","","","","","","","","","","","","","","","","","","","","","","","","","","","","","","","","","","","","","","","","","","","","",
"Djibouti","DJI","CPIA gender equality rating (1=low to 6=high)","IQ.CPA.GNDR.XQ","","","","","","","","","","","","","","","","","","","","","","","","","","","","","","","","","","","","","","","","","","","","","","3","3","2.5","2.5","3","3","3","3","3","3","3","3","3","3","3","",
"Dominica","DMA","CPIA gender equality rating (1=low to 6=high)","IQ.CPA.GNDR.XQ","","","","","","","","","","","","","","","","","","","","","","","","","","","","","","","","","","","","","","","","","","","","","","4.5","4","3.5","3.5","3.5","3","3.5","3","3","3","3","3","3","3","3","",
"Denmark","DNK","CPIA gender equality rating (1=low to 6=high)","IQ.CPA.GNDR.XQ","","","","","","","","","","","","","","","","","","","","","","","","","","","","","","","","","","","","","","","","","","","","","","","","","","","","","","","","","","","","","",
"Dominican Republic","DOM","CPIA gender equality rating (1=low to 6=high)","IQ.CPA.GNDR.XQ","","","","","","","","","","","","","","","","","","","","","","","","","","","","","","","","","","","","","","","","","","","","","","","","","","","","","","","","","","","","","",
"Algeria","DZA","CPIA gender equality rating (1=low to 6=high)","IQ.CPA.GNDR.XQ","","","","","","","","","","","","","","","","","","","","","","","","","","","","","","","","","","","","","","","","","","","","","","","","","","","","","","","","","","","","","",
"East Asia & Pacific (excluding high income)","EAP","CPIA gender equality rating (1=low to 6=high)","IQ.CPA.GNDR.XQ","","","","","","","","","","","","","","","","","","","","","","","","","","","","","","","","","","","","","","","","","","","","","","3.31818181818182","3.33333333333333","3.36363636363636","3.36363636363636","3.36363636363636","3.36363636363636","3.30769230769231","3.28571428571429","3.3","3.3","3.3","3.25","3.25","3.25","3.32142857142857","",
"Early-demographic dividend","EAR","CPIA gender equality rating (1=low to 6=high)","IQ.CPA.GNDR.XQ","","","","","","","","","","","","","","","","","","","","","","","","","","","","","","","","","","","","","","","","","","","","","","3.41666666666667","3.45","3.43103448275862","3.44827586206897","3.46551724137931","3.48275862068966","3.45","3.46666666666667","3.45161290322581","3.46666666666667","3.45","3.41379310344828","3.39655172413793","3.39655172413793","3.43103448275862","",
"East Asia & Pacific","EAS","CPIA gender equality rating (1=low to 6=high)","IQ.CPA.GNDR.XQ","","","","","","","","","","","","","","","","","","","","","","","","","","","","","","","","","","","","","","","","","","","","","","3.31818181818182","3.33333333333333","3.36363636363636","3.36363636363636","3.36363636363636","3.36363636363636","3.30769230769231","3.28571428571429","3.3","3.3","3.3","3.25","3.25","3.25","3.32142857142857","",
"Europe & Central Asia (excluding high income)","ECA","CPIA gender equality rating (1=low to 6=high)","IQ.CPA.GNDR.XQ","","","","","","","","","","","","","","","","","","","","","","","","","","","","","","","","","","","","","","","","","","","","","","4.1","4.1","4.3125","4.375","4.27777777777778","4.27777777777778","4.1875","4.25","4.1875","4","4.1","4.1","4.1","4.1","4.1","",
"Europe & Central Asia","ECS","CPIA gender equality rating (1=low to 6=high)","IQ.CPA.GNDR.XQ","","","","","","","","","","","","","","","","","","","","","","","","","","","","","","","","","","","","","","","","","","","","","","4.1","4.1","4.3125","4.375","4.27777777777778","4.27777777777778","4.1875","4.25","4.1875","4","4.1","4.1","4.1","4.1","4.1","",
"Ecuador","ECU","CPIA gender equality rating (1=low to 6=high)","IQ.CPA.GNDR.XQ","","","","","","","","","","","","","","","","","","","","","","","","","","","","","","","","","","","","","","","","","","","","","","","","","","","","","","","","","","","","","",
"Egypt, Arab Rep.","EGY","CPIA gender equality rating (1=low to 6=high)","IQ.CPA.GNDR.XQ","","","","","","","","","","","","","","","","","","","","","","","","","","","","","","","","","","","","","","","","","","","","","","","","","","","","","","","","","","","","","",
"Euro area","EMU","CPIA gender equality rating (1=low to 6=high)","IQ.CPA.GNDR.XQ","","","","","","","","","","","","","","","","","","","","","","","","","","","","","","","","","","","","","","","","","","","","","","","","","","","","","","","","","","","","","",
"Eritrea","ERI","CPIA gender equality rating (1=low to 6=high)","IQ.CPA.GNDR.XQ","","","","","","","","","","","","","","","","","","","","","","","","","","","","","","","","","","","","","","","","","","","","","","3.5","3.5","3.5","3.5","3.5","3.5","3.5","3.5","3.5","3.5","3","2.5","2.5","3","3","",
"Spain","ESP","CPIA gender equality rating (1=low to 6=high)","IQ.CPA.GNDR.XQ","","","","","","","","","","","","","","","","","","","","","","","","","","","","","","","","","","","","","","","","","","","","","","","","","","","","","","","","","","","","","",
"Estonia","EST","CPIA gender equality rating (1=low to 6=high)","IQ.CPA.GNDR.XQ","","","","","","","","","","","","","","","","","","","","","","","","","","","","","","","","","","","","","","","","","","","","","","","","","","","","","","","","","","","","","",
"Ethiopia","ETH","CPIA gender equality rating (1=low to 6=high)","IQ.CPA.GNDR.XQ","","","","","","","","","","","","","","","","","","","","","","","","","","","","","","","","","","","","","","","","","","","","","","3","3","3","3","3","3","3","3","3","3","3","3","3","3.5","3.5","",
"European Union","EUU","CPIA gender equality rating (1=low to 6=high)","IQ.CPA.GNDR.XQ","","","","","","","","","","","","","","","","","","","","","","","","","","","","","","","","","","","","","","","","","","","","","","","","","","","","","","","","","","","","","",
"Fragile and conflict affected situations","FCS","CPIA gender equality rating (1=low to 6=high)","IQ.CPA.GNDR.XQ","","","","","","","","","","","","","","","","","","","","","","","","","","","","","","","","","","","","","","","","","","","","","","3","2.94","2.94","2.92","2.90740740740741","2.92592592592593","2.93103448275862","2.90322580645161","2.90625","2.9375","2.890625","2.84375","2.81818181818182","2.859375","2.86363636363636","",
"Finland","FIN","CPIA gender equality rating (1=low to 6=high)","IQ.CPA.GNDR.XQ","","","","","","","","","","","","","","","","","","","","","","","","","","","","","","","","","","","","","","","","","","","","","","","","","","","","","","","","","","","","","",
"Fiji","FJI","CPIA gender equality rating (1=low to 6=high)","IQ.CPA.GNDR.XQ","","","","","","","","","","","","","","","","","","","","","","","","","","","","","","","","","","","","","","","","","","","","","","","","","","","","","","","","","","","","","",
"France","FRA","CPIA gender equality rating (1=low to 6=high)","IQ.CPA.GNDR.XQ","","","","","","","","","","","","","","","","","","","","","","","","","","","","","","","","","","","","","","","","","","","","","","","","","","","","","","","","","","","","","",
"Faroe Islands","FRO","CPIA gender equality rating (1=low to 6=high)","IQ.CPA.GNDR.XQ","","","","","","","","","","","","","","","","","","","","","","","","","","","","","","","","","","","","","","","","","","","","","","","","","","","","","","","","","","","","","",
"Micronesia, Fed. Sts.","FSM","CPIA gender equality rating (1=low to 6=high)","IQ.CPA.GNDR.XQ","","","","","","","","","","","","","","","","","","","","","","","","","","","","","","","","","","","","","","","","","","","","","","","","","","","","2.5","2.5","2.5","2.5","2.5","2.5","2.5","2.5","3","",
"Gabon","GAB","CPIA gender equality rating (1=low to 6=high)","IQ.CPA.GNDR.XQ","","","","","","","","","","","","","","","","","","","","","","","","","","","","","","","","","","","","","","","","","","","","","","","","","","","","","","","","","","","","","",
"United Kingdom","GBR","CPIA gender equality rating (1=low to 6=high)","IQ.CPA.GNDR.XQ","","","","","","","","","","","","","","","","","","","","","","","","","","","","","","","","","","","","","","","","","","","","","","","","","","","","","","","","","","","","","",
"Georgia","GEO","CPIA gender equality rating (1=low to 6=high)","IQ.CPA.GNDR.XQ","","","","","","","","","","","","","","","","","","","","","","","","","","","","","","","","","","","","","","","","","","","","","","4.5","4.5","4.5","4.5","4.5","4.5","4.5","4.5","4.5","","","","","","","",
"Ghana","GHA","CPIA gender equality rating (1=low to 6=high)","IQ.CPA.GNDR.XQ","","","","","","","","","","","","","","","","","","","","","","","","","","","","","","","","","","","","","","","","","","","","","","4","4","4","4","4","4","4","4","4","4","4","4","4","4","4","",
"Gibraltar","GIB","CPIA gender equality rating (1=low to 6=high)","IQ.CPA.GNDR.XQ","","","","","","","","","","","","","","","","","","","","","","","","","","","","","","","","","","","","","","","","","","","","","","","","","","","","","","","","","","","","","",
"Guinea","GIN","CPIA gender equality rating (1=low to 6=high)","IQ.CPA.GNDR.XQ","","","","","","","","","","","","","","","","","","","","","","","","","","","","","","","","","","","","","","","","","","","","","","4","3.5","3.5","3.5","3.5","3.5","3","3","3","3","3","3","3","3","3","",
"Gambia, The","GMB","CPIA gender equality rating (1=low to 6=high)","IQ.CPA.GNDR.XQ","","","","","","","","","","","","","","","","","","","","","","","","","","","","","","","","","","","","","","","","","","","","","","3.5","3.5","3.5","3.5","3.5","3.5","3.5","3.5","3.5","3.5","3.5","3.5","3.5","3.5","3.5","",
"Guinea-Bissau","GNB","CPIA gender equality rating (1=low to 6=high)","IQ.CPA.GNDR.XQ","","","","","","","","","","","","","","","","","","","","","","","","","","","","","","","","","","","","","","","","","","","","","","3","2.5","2.5","2.5","2.5","2.5","2.5","2.5","2.5","2.5","2","2","2","2","2","",
"Equatorial Guinea","GNQ","CPIA gender equality rating (1=low to 6=high)","IQ.CPA.GNDR.XQ","","","","","","","","","","","","","","","","","","","","","","","","","","","","","","","","","","","","","","","","","","","","","","","","","","","","","","","","","","","","","",
"Greece","GRC","CPIA gender equality rating (1=low to 6=high)","IQ.CPA.GNDR.XQ","","","","","","","","","","","","","","","","","","","","","","","","","","","","","","","","","","","","","","","","","","","","","","","","","","","","","","","","","","","","","",
"Grenada","GRD","CPIA gender equality rating (1=low to 6=high)","IQ.CPA.GNDR.XQ","","","","","","","","","","","","","","","","","","","","","","","","","","","","","","","","","","","","","","","","","","","","","","4.5","5","5","5","4.5","4.5","4","4","4","3.5","3.5","3.5","3.5","3.5","3.5","",
"Greenland","GRL","CPIA gender equality rating (1=low to 6=high)","IQ.CPA.GNDR.XQ","","","","","","","","","","","","","","","","","","","","","","","","","","","","","","","","","","","","","","","","","","","","","","","","","","","","","","","","","","","","","",
"Guatemala","GTM","CPIA gender equality rating (1=low to 6=high)","IQ.CPA.GNDR.XQ","","","","","","","","","","","","","","","","","","","","","","","","","","","","","","","","","","","","","","","","","","","","","","","","","","","","","","","","","","","","","",
"Guam","GUM","CPIA gender equality rating (1=low to 6=high)","IQ.CPA.GNDR.XQ","","","","","","","","","","","","","","","","","","","","","","","","","","","","","","","","","","","","","","","","","","","","","","","","","","","","","","","","","","","","","",
"Guyana","GUY","CPIA gender equality rating (1=low to 6=high)","IQ.CPA.GNDR.XQ","","","","","","","","","","","","","","","","","","","","","","","","","","","","","","","","","","","","","","","","","","","","","","3.5","4","4","4","4","3.5","3.5","3.5","3.5","3.5","3.5","3","3","3","3","",
"High income","HIC","CPIA gender equality rating (1=low to 6=high)","IQ.CPA.GNDR.XQ","","","","","","","","","","","","","","","","","","","","","","","","","","","","","","","","","","","","","","","","","","","","","","","","","","","","","","","","","","","","","",
"Hong Kong SAR, China","HKG","CPIA gender equality rating (1=low to 6=high)","IQ.CPA.GNDR.XQ","","","","","","","","","","","","","","","","","","","","","","","","","","","","","","","","","","","","","","","","","","","","","","","","","","","","","","","","","","","","","",
"Honduras","HND","CPIA gender equality rating (1=low to 6=high)","IQ.CPA.GNDR.XQ","","","","","","","","","","","","","","","","","","","","","","","","","","","","","","","","","","","","","","","","","","","","","","4","4","4","4","4","4","4","4","3.5","3.5","3.5","3.5","3.5","3.5","3.5","",
"Heavily indebted poor countries (HIPC)","HPC","CPIA gender equality rating (1=low to 6=high)","IQ.CPA.GNDR.XQ","","","","","","","","","","","","","","","","","","","","","","","","","","","","","","","","","","","","","","","","","","","","","","3.27777777777778","3.22972972972973","3.25675675675676","3.24324324324324","3.21052631578947","3.22368421052632","3.21052631578947","3.19736842105263","3.18421052631579","3.18421052631579","3.17105263157895","3.09459459459459","3.05263157894737","3.12162162162162","3.10526315789474","",
"Croatia","HRV","CPIA gender equality rating (1=low to 6=high)","IQ.CPA.GNDR.XQ","","","","","","","","","","","","","","","","","","","","","","","","","","","","","","","","","","","","","","","","","","","","","","","","","","","","","","","","","","","","","",
"Haiti","HTI","CPIA gender equality rating (1=low to 6=high)","IQ.CPA.GNDR.XQ","","","","","","","","","","","","","","","","","","","","","","","","","","","","","","","","","","","","","","","","","","","","","","3","3","3","3","3","3","3","3","3","3","3","2.5","2.5","2.5","2.5","",
"Hungary","HUN","CPIA gender equality rating (1=low to 6=high)","IQ.CPA.GNDR.XQ","","","","","","","","","","","","","","","","","","","","","","","","","","","","","","","","","","","","","","","","","","","","","","","","","","","","","","","","","","","","","",
"IBRD only","IBD","CPIA gender equality rating (1=low to 6=high)","IQ.CPA.GNDR.XQ","","","","","","","","","","","","","","","","","","","","","","","","","","","","","","","","","","","","","","","","","","","","","","3.96428571428571","3.96428571428571","4.09090909090909","4.09090909090909","4.13636363636364","4.13636363636364","4.05","4.05","4","4.2","4.2","4.25","4.25","4.25","4.16666666666667","",
"IDA & IBRD total","IBT","CPIA gender equality rating (1=low to 6=high)","IQ.CPA.GNDR.XQ","","","","","","","","","","","","","","","","","","","","","","","","","","","","","","","","","","","","","","","","","","","","","","3.47368421052632","3.44230769230769","3.43333333333333","3.43333333333333","3.42857142857143","3.43506493506493","3.3974358974359","3.36875","3.35802469135802","3.32236842105263","3.30921052631579","3.23972602739726","3.21621621621622","3.23972602739726","3.25333333333333","",
"IDA total","IDA","CPIA gender equality rating (1=low to 6=high)","IQ.CPA.GNDR.XQ","","","","","","","","","","","","","","","","","","","","","","","","","","","","","","","","","","","","","","","","","","","","","","3.36290322580645","3.328125","3.3203125","3.3203125","3.31060606060606","3.31818181818182","3.30147058823529","3.27142857142857","3.26760563380282","3.26056338028169","3.24647887323944","3.2112676056338","3.1875","3.2112676056338","3.21527777777778","",
"IDA blend","IDB","CPIA gender equality rating (1=low to 6=high)","IQ.CPA.GNDR.XQ","","","","","","","","","","","","","","","","","","","","","","","","","","","","","","","","","","","","","","","","","","","","","","3.5","3.42857142857143","3.35714285714286","3.35714285714286","3.32142857142857","3.32142857142857","3.39285714285714","3.32142857142857","3.32142857142857","3.35714285714286","3.32142857142857","3.32142857142857","3.35714285714286","3.35714285714286","3.35714285714286","",
"Indonesia","IDN","CPIA gender equality rating (1=low to 6=high)","IQ.CPA.GNDR.XQ","","","","","","","","","","","","","","","","","","","","","","","","","","","","","","","","","","","","","","","","","","","","","","3.5","3.5","","","","","","","","","","","","","","",
"IDA only","IDX","CPIA gender equality rating (1=low to 6=high)","IQ.CPA.GNDR.XQ","","","","","","","","","","","","","","","","","","","","","","","","","","","","","","","","","","","","","","","","","","","","","","3.3265306122449","3.3","3.31","3.31","3.30769230769231","3.31730769230769","3.27777777777778","3.25892857142857","3.25438596491228","3.23684210526316","3.2280701754386","3.18421052631579","3.14655172413793","3.17543859649123","3.18103448275862","",
"Isle of Man","IMN","CPIA gender equality rating (1=low to 6=high)","IQ.CPA.GNDR.XQ","","","","","","","","","","","","","","","","","","","","","","","","","","","","","","","","","","","","","","","","","","","","","","","","","","","","","","","","","","","","","",
"India","IND","CPIA gender equality rating (1=low to 6=high)","IQ.CPA.GNDR.XQ","","","","","","","","","","","","","","","","","","","","","","","","","","","","","","","","","","","","","","","","","","","","","","3.5","3.5","3.5","3.5","3.5","3.5","3","3","3","","","","","","","",
"Not classified","INX","CPIA gender equality rating (1=low to 6=high)","IQ.CPA.GNDR.XQ","","","","","","","","","","","","","","","","","","","","","","","","","","","","","","","","","","","","","","","","","","","","","","","","","","","","","","","","","","","","","",
"Ireland","IRL","CPIA gender equality rating (1=low to 6=high)","IQ.CPA.GNDR.XQ","","","","","","","","","","","","","","","","","","","","","","","","","","","","","","","","","","","","","","","","","","","","","","","","","","","","","","","","","","","","","",
"Iran, Islamic Rep.","IRN","CPIA gender equality rating (1=low to 6=high)","IQ.CPA.GNDR.XQ","","","","","","","","","","","","","","","","","","","","","","","","","","","","","","","","","","","","","","","","","","","","","","","","","","","","","","","","","","","","","",
"Iraq","IRQ","CPIA gender equality rating (1=low to 6=high)","IQ.CPA.GNDR.XQ","","","","","","","","","","","","","","","","","","","","","","","","","","","","","","","","","","","","","","","","","","","","","","","","","","","","","","","","","","","","","",
"Iceland","ISL","CPIA gender equality rating (1=low to 6=high)","IQ.CPA.GNDR.XQ","","","","","","","","","","","","","","","","","","","","","","","","","","","","","","","","","","","","","","","","","","","","","","","","","","","","","","","","","","","","","",
"Israel","ISR","CPIA gender equality rating (1=low to 6=high)","IQ.CPA.GNDR.XQ","","","","","","","","","","","","","","","","","","","","","","","","","","","","","","","","","","","","","","","","","","","","","","","","","","","","","","","","","","","","","",
"Italy","ITA","CPIA gender equality rating (1=low to 6=high)","IQ.CPA.GNDR.XQ","","","","","","","","","","","","","","","","","","","","","","","","","","","","","","","","","","","","","","","","","","","","","","","","","","","","","","","","","","","","","",
"Jamaica","JAM","CPIA gender equality rating (1=low to 6=high)","IQ.CPA.GNDR.XQ","","","","","","","","","","","","","","","","","","","","","","","","","","","","","","","","","","","","","","","","","","","","","","","","","","","","","","","","","","","","","",
"Jordan","JOR","CPIA gender equality rating (1=low to 6=high)","IQ.CPA.GNDR.XQ","","","","","","","","","","","","","","","","","","","","","","","","","","","","","","","","","","","","","","","","","","","","","","","","","","","","","","","","","","","","","",
"Japan","JPN","CPIA gender equality rating (1=low to 6=high)","IQ.CPA.GNDR.XQ","","","","","","","","","","","","","","","","","","","","","","","","","","","","","","","","","","","","","","","","","","","","","","","","","","","","","","","","","","","","","",
"Kazakhstan","KAZ","CPIA gender equality rating (1=low to 6=high)","IQ.CPA.GNDR.XQ","","","","","","","","","","","","","","","","","","","","","","","","","","","","","","","","","","","","","","","","","","","","","","","","","","","","","","","","","","","","","",
"Kenya","KEN","CPIA gender equality rating (1=low to 6=high)","IQ.CPA.GNDR.XQ","","","","","","","","","","","","","","","","","","","","","","","","","","","","","","","","","","","","","","","","","","","","","","3","3","3","3","3","3.5","3.5","3.5","3.5","3.5","3.5","3.5","3.5","3.5","3.5","",
"Kyrgyz Republic","KGZ","CPIA gender equality rating (1=low to 6=high)","IQ.CPA.GNDR.XQ","","","","","","","","","","","","","","","","","","","","","","","","","","","","","","","","","","","","","","","","","","","","","","4","4.5","4.5","4.5","4.5","4.5","4.5","4.5","4.5","4","4.5","4.5","4.5","4.5","4.5","",
"Cambodia","KHM","CPIA gender equality rating (1=low to 6=high)","IQ.CPA.GNDR.XQ","","","","","","","","","","","","","","","","","","","","","","","","","","","","","","","","","","","","","","","","","","","","","","3.5","4","4","4","4","4","4","4","4","4","4","4","4","4","4","",
"Kiribati","KIR","CPIA gender equality rating (1=low to 6=high)","IQ.CPA.GNDR.XQ","","","","","","","","","","","","","","","","","","","","","","","","","","","","","","","","","","","","","","","","","","","","","","3","3","3","2.5","2.5","2.5","2.5","2.5","2.5","2.5","2.5","2.5","2.5","2.5","3","",
"St. Kitts and Nevis","KNA","CPIA gender equality rating (1=low to 6=high)","IQ.CPA.GNDR.XQ","","","","","","","","","","","","","","","","","","","","","","","","","","","","","","","","","","","","","","","","","","","","","","","","","","","","","","","","","","","","","",
"Korea, Rep.","KOR","CPIA gender equality rating (1=low to 6=high)","IQ.CPA.GNDR.XQ","","","","","","","","","","","","","","","","","","","","","","","","","","","","","","","","","","","","","","","","","","","","","","","","","","","","","","","","","","","","","",
"Kuwait","KWT","CPIA gender equality rating (1=low to 6=high)","IQ.CPA.GNDR.XQ","","","","","","","","","","","","","","","","","","","","","","","","","","","","","","","","","","","","","","","","","","","","","","","","","","","","","","","","","","","","","",
"Latin America & Caribbean (excluding high income)","LAC","CPIA gender equality rating (1=low to 6=high)","IQ.CPA.GNDR.XQ","","","","","","","","","","","","","","","","","","","","","","","","","","","","","","","","","","","","","","","","","","","","","","4","4","3.83333333333333","3.83333333333333","3.77777777777778","3.66666666666667","3.72222222222222","3.61111111111111","3.55555555555556","3.5","3.5","3.3125","3.375","3.375","3.375","",
"Lao PDR","LAO","CPIA gender equality rating (1=low to 6=high)","IQ.CPA.GNDR.XQ","","","","","","","","","","","","","","","","","","","","","","","","","","","","","","","","","","","","","","","","","","","","","","3.5","3.5","3.5","3.5","3.5","3.5","3.5","3.5","4","4","4","4","4","4","4","",
"Lebanon","LBN","CPIA gender equality rating (1=low to 6=high)","IQ.CPA.GNDR.XQ","","","","","","","","","","","","","","","","","","","","","","","","","","","","","","","","","","","","","","","","","","","","","","","","","","","","","","","","","","","","","",
"Liberia","LBR","CPIA gender equality rating (1=low to 6=high)","IQ.CPA.GNDR.XQ","","","","","","","","","","","","","","","","","","","","","","","","","","","","","","","","","","","","","","","","","","","","","","","","","","2.5","2.5","3","3","3","3","3","3","3","3","3","",
"Libya","LBY","CPIA gender equality rating (1=low to 6=high)","IQ.CPA.GNDR.XQ","","","","","","","","","","","","","","","","","","","","","","","","","","","","","","","","","","","","","","","","","","","","","","","","","","","","","","","","","","","","","",
"St. Lucia","LCA","CPIA gender equality rating (1=low to 6=high)","IQ.CPA.GNDR.XQ","","","","","","","","","","","","","","","","","","","","","","","","","","","","","","","","","","","","","","","","","","","","","","4.5","4","3.5","3.5","3.5","3.5","3.5","3.5","3.5","3.5","3.5","3.5","4","4","4","",
"Latin America & Caribbean","LCN","CPIA gender equality rating (1=low to 6=high)","IQ.CPA.GNDR.XQ","","","","","","","","","","","","","","","","","","","","","","","","","","","","","","","","","","","","","","","","","","","","","","4","4","3.83333333333333","3.83333333333333","3.77777777777778","3.66666666666667","3.72222222222222","3.61111111111111","3.55555555555556","3.5","3.5","3.3125","3.375","3.375","3.375","",
"Least developed countries: UN classification","LDC","CPIA gender equality rating (1=low to 6=high)","IQ.CPA.GNDR.XQ","","","","","","","","","","","","","","","","","","","","","","","","","","","","","","","","","","","","","","","","","","","","","","3.25","3.20238095238095","3.23809523809524","3.21428571428571","3.22093023255814","3.24418604651163","3.2093023255814","3.16666666666667","3.16304347826087","3.16666666666667","3.14444444444444","3.1","3.05434782608696","3.08888888888889","3.08695652173913","",
"Low income","LIC","CPIA gender equality rating (1=low to 6=high)","IQ.CPA.GNDR.XQ","","","","","","","","","","","","","","","","","","","","","","","","","","","","","","","","","","","","","","","","","","","","","","3.15217391304348","3.0625","3.0625","3.08333333333333","3.04","3.08","3.08","3.03846153846154","3.01923076923077","3.01923076923077","2.98076923076923","2.90384615384615","2.87037037037037","2.94230769230769","2.92592592592593","",
"Liechtenstein","LIE","CPIA gender equality rating (1=low to 6=high)","IQ.CPA.GNDR.XQ","","","","","","","","","","","","","","","","","","","","","","","","","","","","","","","","","","","","","","","","","","","","","","","","","","","","","","","","","","","","","",
"Sri Lanka","LKA","CPIA gender equality rating (1=low to 6=high)","IQ.CPA.GNDR.XQ","","","","","","","","","","","","","","","","","","","","","","","","","","","","","","","","","","","","","","","","","","","","","","4","4","4","4","4","4","4","4","4","4","4","","","","4","",
"Lower middle income","LMC","CPIA gender equality rating (1=low to 6=high)","IQ.CPA.GNDR.XQ","","","","","","","","","","","","","","","","","","","","","","","","","","","","","","","","","","","","","","","","","","","","","","3.43421052631579","3.46153846153846","3.5","3.47435897435897","3.51282051282051","3.52564102564103","3.5","3.4875","3.47560975609756","3.51282051282051","3.51282051282051","3.45833333333333","3.43055555555556","3.41666666666667","3.45945945945946","",
"Low & middle income","LMY","CPIA gender equality rating (1=low to 6=high)","IQ.CPA.GNDR.XQ","","","","","","","","","","","","","","","","","","","","","","","","","","","","","","","","","","","","","","","","","","","","","","3.47368421052632","3.44230769230769","3.43333333333333","3.43333333333333","3.42857142857143","3.43506493506493","3.3974358974359","3.36875","3.35802469135802","3.32236842105263","3.30921052631579","3.23972602739726","3.21621621621622","3.23972602739726","3.25333333333333","",
"Lesotho","LSO","CPIA gender equality rating (1=low to 6=high)","IQ.CPA.GNDR.XQ","","","","","","","","","","","","","","","","","","","","","","","","","","","","","","","","","","","","","","","","","","","","","","4","4","4","4","4","4","4","4","4","4","4","4","4","4","4","",
"Late-demographic dividend","LTE","CPIA gender equality rating (1=low to 6=high)","IQ.CPA.GNDR.XQ","","","","","","","","","","","","","","","","","","","","","","","","","","","","","","","","","","","","","","","","","","","","","","4.19230769230769","4.15384615384615","4.18181818181818","4.18181818181818","4.18181818181818","4.13636363636364","4.15","4.15","4.1","3.9375","4","3.83333333333333","3.91666666666667","3.91666666666667","3.92857142857143","",
"Lithuania","LTU","CPIA gender equality rating (1=low to 6=high)","IQ.CPA.GNDR.XQ","","","","","","","","","","","","","","","","","","","","","","","","","","","","","","","","","","","","","","","","","","","","","","","","","","","","","","","","","","","","","",
"Luxembourg","LUX","CPIA gender equality rating (1=low to 6=high)","IQ.CPA.GNDR.XQ","","","","","","","","","","","","","","","","","","","","","","","","","","","","","","","","","","","","","","","","","","","","","","","","","","","","","","","","","","","","","",
"Latvia","LVA","CPIA gender equality rating (1=low to 6=high)","IQ.CPA.GNDR.XQ","","","","","","","","","","","","","","","","","","","","","","","","","","","","","","","","","","","","","","","","","","","","","","","","","","","","","","","","","","","","","",
"Macao SAR, China","MAC","CPIA gender equality rating (1=low to 6=high)","IQ.CPA.GNDR.XQ","","","","","","","","","","","","","","","","","","","","","","","","","","","","","","","","","","","","","","","","","","","","","","","","","","","","","","","","","","","","","",
"St. Martin (French part)","MAF","CPIA gender equality rating (1=low to 6=high)","IQ.CPA.GNDR.XQ","","","","","","","","","","","","","","","","","","","","","","","","","","","","","","","","","","","","","","","","","","","","","","","","","","","","","","","","","","","","","",
"Morocco","MAR","CPIA gender equality rating (1=low to 6=high)","IQ.CPA.GNDR.XQ","","","","","","","","","","","","","","","","","","","","","","","","","","","","","","","","","","","","","","","","","","","","","","","","","","","","","","","","","","","","","",
"Monaco","MCO","CPIA gender equality rating (1=low to 6=high)","IQ.CPA.GNDR.XQ","","","","","","","","","","","","","","","","","","","","","","","","","","","","","","","","","","","","","","","","","","","","","","","","","","","","","","","","","","","","","",
"Moldova","MDA","CPIA gender equality rating (1=low to 6=high)","IQ.CPA.GNDR.XQ","","","","","","","","","","","","","","","","","","","","","","","","","","","","","","","","","","","","","","","","","","","","","","4.5","5","5","5","5","5","5","5","4.5","4.5","4.5","4.5","4.5","4.5","4.5","",
"Madagascar","MDG","CPIA gender equality rating (1=low to 6=high)","IQ.CPA.GNDR.XQ","","","","","","","","","","","","","","","","","","","","","","","","","","","","","","","","","","","","","","","","","","","","","","3.5","3.5","3.5","3.5","3.5","3.5","3.5","3.5","3.5","3.5","4","4","4","4","4","",
"Maldives","MDV","CPIA gender equality rating (1=low to 6=high)","IQ.CPA.GNDR.XQ","","","","","","","","","","","","","","","","","","","","","","","","","","","","","","","","","","","","","","","","","","","","","","4","4","4","4","4","4","4","4.5","4.5","4","4","3.5","3.5","3.5","3.5","",
"Middle East & North Africa","MEA","CPIA gender equality rating (1=low to 6=high)","IQ.CPA.GNDR.XQ","","","","","","","","","","","","","","","","","","","","","","","","","","","","","","","","","","","","","","","","","","","","","","2.75","2.75","2.25","2.25","2.5","2.5","2.5","2.5","2.5","2.5","2.25","2.25","2.25","2.25","2.25","",
"Mexico","MEX","CPIA gender equality rating (1=low to 6=high)","IQ.CPA.GNDR.XQ","","","","","","","","","","","","","","","","","","","","","","","","","","","","","","","","","","","","","","","","","","","","","","","","","","","","","","","","","","","","","",
"Marshall Islands","MHL","CPIA gender equality rating (1=low to 6=high)","IQ.CPA.GNDR.XQ","","","","","","","","","","","","","","","","","","","","","","","","","","","","","","","","","","","","","","","","","","","","","","","","","","","","3","3","3","3","3","3","3","3","3","",
"Middle income","MIC","CPIA gender equality rating (1=low to 6=high)","IQ.CPA.GNDR.XQ","","","","","","","","","","","","","","","","","","","","","","","","","","","","","","","","","","","","","","","","","","","","","","3.61320754716981","3.61111111111111","3.6078431372549","3.59803921568627","3.61538461538462","3.60576923076923","3.54716981132075","3.52777777777778","3.51818181818182","3.48","3.48","3.42553191489362","3.41489361702128","3.40425531914894","3.4375","",
"North Macedonia","MKD","CPIA gender equality rating (1=low to 6=high)","IQ.CPA.GNDR.XQ","","","","","","","","","","","","","","","","","","","","","","","","","","","","","","","","","","","","","","","","","","","","","","","","","","","","","","","","","","","","","",
"Mali","MLI","CPIA gender equality rating (1=low to 6=high)","IQ.CPA.GNDR.XQ","","","","","","","","","","","","","","","","","","","","","","","","","","","","","","","","","","","","","","","","","","","","","","3.5","3.5","3.5","3.5","3.5","3.5","3.5","3","3","3","2.5","2.5","2.5","2.5","2.5","",
"Malta","MLT","CPIA gender equality rating (1=low to 6=high)","IQ.CPA.GNDR.XQ","","","","","","","","","","","","","","","","","","","","","","","","","","","","","","","","","","","","","","","","","","","","","","","","","","","","","","","","","","","","","",
"Myanmar","MMR","CPIA gender equality rating (1=low to 6=high)","IQ.CPA.GNDR.XQ","","","","","","","","","","","","","","","","","","","","","","","","","","","","","","","","","","","","","","","","","","","","","","","","","","","","","","3","3","3","3","3","3","3","",
"Middle East & North Africa (excluding high income)","MNA","CPIA gender equality rating (1=low to 6=high)","IQ.CPA.GNDR.XQ","","","","","","","","","","","","","","","","","","","","","","","","","","","","","","","","","","","","","","","","","","","","","","2.75","2.75","2.25","2.25","2.5","2.5","2.5","2.5","2.5","2.5","2.25","2.25","2.25","2.25","2.25","",
"Montenegro","MNE","CPIA gender equality rating (1=low to 6=high)","IQ.CPA.GNDR.XQ","","","","","","","","","","","","","","","","","","","","","","","","","","","","","","","","","","","","","","","","","","","","","","","","","","","","","","","","","","","","","",
"Mongolia","MNG","CPIA gender equality rating (1=low to 6=high)","IQ.CPA.GNDR.XQ","","","","","","","","","","","","","","","","","","","","","","","","","","","","","","","","","","","","","","","","","","","","","","3.5","3.5","3.5","3.5","3.5","3.5","4","4","4","4","4","4","4","4","4","",
"Northern Mariana Islands","MNP","CPIA gender equality rating (1=low to 6=high)","IQ.CPA.GNDR.XQ","","","","","","","","","","","","","","","","","","","","","","","","","","","","","","","","","","","","","","","","","","","","","","","","","","","","","","","","","","","","","",
"Mozambique","MOZ","CPIA gender equality rating (1=low to 6=high)","IQ.CPA.GNDR.XQ","","","","","","","","","","","","","","","","","","","","","","","","","","","","","","","","","","","","","","","","","","","","","","3.5","3.5","3.5","3.5","3.5","3.5","3.5","3.5","3.5","3.5","3.5","3.5","3.5","3.5","3.5","",
"Mauritania","MRT","CPIA gender equality rating (1=low to 6=high)","IQ.CPA.GNDR.XQ","","","","","","","","","","","","","","","","","","","","","","","","","","","","","","","","","","","","","","","","","","","","","","3.5","3.5","4","4","4","4","4","4","4","4","3.5","3.5","3.5","3.5","3.5","",
"Mauritius","MUS","CPIA gender equality rating (1=low to 6=high)","IQ.CPA.GNDR.XQ","","","","","","","","","","","","","","","","","","","","","","","","","","","","","","","","","","","","","","","","","","","","","","","","","","","","","","","","","","","","","",
"Malawi","MWI","CPIA gender equality rating (1=low to 6=high)","IQ.CPA.GNDR.XQ","","","","","","","","","","","","","","","","","","","","","","","","","","","","","","","","","","","","","","","","","","","","","","3.5","3.5","3.5","3.5","3.5","3.5","3.5","3.5","3.5","3.5","3.5","3.5","3.5","3.5","3.5","",
"Malaysia","MYS","CPIA gender equality rating (1=low to 6=high)","IQ.CPA.GNDR.XQ","","","","","","","","","","","","","","","","","","","","","","","","","","","","","","","","","","","","","","","","","","","","","","","","","","","","","","","","","","","","","",
"North America","NAC","CPIA gender equality rating (1=low to 6=high)","IQ.CPA.GNDR.XQ","","","","","","","","","","","","","","","","","","","","","","","","","","","","","","","","","","","","","","","","","","","","","","","","","","","","","","","","","","","","","",
"Namibia","NAM","CPIA gender equality rating (1=low to 6=high)","IQ.CPA.GNDR.XQ","","","","","","","","","","","","","","","","","","","","","","","","","","","","","","","","","","","","","","","","","","","","","","","","","","","","","","","","","","","","","",
"New Caledonia","NCL","CPIA gender equality rating (1=low to 6=high)","IQ.CPA.GNDR.XQ","","","","","","","","","","","","","","","","","","","","","","","","","","","","","","","","","","","","","","","","","","","","","","","","","","","","","","","","","","","","","",
"Niger","NER","CPIA gender equality rating (1=low to 6=high)","IQ.CPA.GNDR.XQ","","","","","","","","","","","","","","","","","","","","","","","","","","","","","","","","","","","","","","","","","","","","","","2.5","2.5","2.5","2.5","2.5","2.5","2.5","2.5","2.5","2.5","2.5","2.5","2.5","2.5","2.5","",
"Nigeria","NGA","CPIA gender equality rating (1=low to 6=high)","IQ.CPA.GNDR.XQ","","","","","","","","","","","","","","","","","","","","","","","","","","","","","","","","","","","","","","","","","","","","","","3","3","3","3","3","3","3","3","3","3","3","3","3","3","3","",
"Nicaragua","NIC","CPIA gender equality rating (1=low to 6=high)","IQ.CPA.GNDR.XQ","","","","","","","","","","","","","","","","","","","","","","","","","","","","","","","","","","","","","","","","","","","","","","4","3.5","3.5","3.5","3.5","3.5","4","4","4","4","4","4","4","4","4","",
"Netherlands","NLD","CPIA gender equality rating (1=low to 6=high)","IQ.CPA.GNDR.XQ","","","","","","","","","","","","","","","","","","","","","","","","","","","","","","","","","","","","","","","","","","","","","","","","","","","","","","","","","","","","","",
"Norway","NOR","CPIA gender equality rating (1=low to 6=high)","IQ.CPA.GNDR.XQ","","","","","","","","","","","","","","","","","","","","","","","","","","","","","","","","","","","","","","","","","","","","","","","","","","","","","","","","","","","","","",
"Nepal","NPL","CPIA gender equality rating (1=low to 6=high)","IQ.CPA.GNDR.XQ","","","","","","","","","","","","","","","","","","","","","","","","","","","","","","","","","","","","","","","","","","","","","","3","3.5","3.5","3.5","4","4","4","4","4","4","4","4","4","3.5","3.5","",
"Nauru","NRU","CPIA gender equality rating (1=low to 6=high)","IQ.CPA.GNDR.XQ","","","","","","","","","","","","","","","","","","","","","","","","","","","","","","","","","","","","","","","","","","","","","","","","","","","","","","","","","","","","","",
"New Zealand","NZL","CPIA gender equality rating (1=low to 6=high)","IQ.CPA.GNDR.XQ","","","","","","","","","","","","","","","","","","","","","","","","","","","","","","","","","","","","","","","","","","","","","","","","","","","","","","","","","","","","","",
"OECD members","OED","CPIA gender equality rating (1=low to 6=high)","IQ.CPA.GNDR.XQ","","","","","","","","","","","","","","","","","","","","","","","","","","","","","","","","","","","","","","","","","","","","","","","","","","","","","","","","","","","","","",
"Oman","OMN","CPIA gender equality rating (1=low to 6=high)","IQ.CPA.GNDR.XQ","","","","","","","","","","","","","","","","","","","","","","","","","","","","","","","","","","","","","","","","","","","","","","","","","","","","","","","","","","","","","",
"Other small states","OSS","CPIA gender equality rating (1=low to 6=high)","IQ.CPA.GNDR.XQ","","","","","","","","","","","","","","","","","","","","","","","","","","","","","","","","","","","","","","","","","","","","","","3.61111111111111","3.45","3.45","3.45","3.5","3.5","3.45","3.5","3.5","3.45","3.4","3.35","3.35","3.35","3.35","",
"Pakistan","PAK","CPIA gender equality rating (1=low to 6=high)","IQ.CPA.GNDR.XQ","","","","","","","","","","","","","","","","","","","","","","","","","","","","","","","","","","","","","","","","","","","","","","2","2","2","2","2","2","2.5","2.5","2.5","2.5","2.5","2.5","2.5","2.5","2.5","",
"Panama","PAN","CPIA gender equality rating (1=low to 6=high)","IQ.CPA.GNDR.XQ","","","","","","","","","","","","","","","","","","","","","","","","","","","","","","","","","","","","","","","","","","","","","","","","","","","","","","","","","","","","","",
"Peru","PER","CPIA gender equality rating (1=low to 6=high)","IQ.CPA.GNDR.XQ","","","","","","","","","","","","","","","","","","","","","","","","","","","","","","","","","","","","","","","","","","","","","","","","","","","","","","","","","","","","","",
"Philippines","PHL","CPIA gender equality rating (1=low to 6=high)","IQ.CPA.GNDR.XQ","","","","","","","","","","","","","","","","","","","","","","","","","","","","","","","","","","","","","","","","","","","","","","","","","","","","","","","","","","","","","",
"Palau","PLW","CPIA gender equality rating (1=low to 6=high)","IQ.CPA.GNDR.XQ","","","","","","","","","","","","","","","","","","","","","","","","","","","","","","","","","","","","","","","","","","","","","","","","","","","","","","","","","","","","","",
"Papua New Guinea","PNG","CPIA gender equality rating (1=low to 6=high)","IQ.CPA.GNDR.XQ","","","","","","","","","","","","","","","","","","","","","","","","","","","","","","","","","","","","","","","","","","","","","","2.5","2.5","2.5","2.5","2.5","2.5","2.5","2.5","2.5","2.5","2.5","2.5","2.5","2.5","2.5","",
"Poland","POL","CPIA gender equality rating (1=low to 6=high)","IQ.CPA.GNDR.XQ","","","","","","","","","","","","","","","","","","","","","","","","","","","","","","","","","","","","","","","","","","","","","","","","","","","","","","","","","","","","","",
"Pre-demographic dividend","PRE","CPIA gender equality rating (1=low to 6=high)","IQ.CPA.GNDR.XQ","","","","","","","","","","","","","","","","","","","","","","","","","","","","","","","","","","","","","","","","","","","","","","3.18333333333333","3.109375","3.15625","3.140625","3.12121212121212","3.15151515151515","3.12121212121212","3.07352941176471","3.07352941176471","3.07575757575758","3.04545454545455","3","2.95588235294118","3","2.98529411764706","",
"Puerto Rico","PRI","CPIA gender equality rating (1=low to 6=high)","IQ.CPA.GNDR.XQ","","","","","","","","","","","","","","","","","","","","","","","","","","","","","","","","","","","","","","","","","","","","","","","","","","","","","","","","","","","","","",
"Korea, Dem. People’s Rep.","PRK","CPIA gender equality rating (1=low to 6=high)","IQ.CPA.GNDR.XQ","","","","","","","","","","","","","","","","","","","","","","","","","","","","","","","","","","","","","","","","","","","","","","","","","","","","","","","","","","","","","",
"Portugal","PRT","CPIA gender equality rating (1=low to 6=high)","IQ.CPA.GNDR.XQ","","","","","","","","","","","","","","","","","","","","","","","","","","","","","","","","","","","","","","","","","","","","","","","","","","","","","","","","","","","","","",
"Paraguay","PRY","CPIA gender equality rating (1=low to 6=high)","IQ.CPA.GNDR.XQ","","","","","","","","","","","","","","","","","","","","","","","","","","","","","","","","","","","","","","","","","","","","","","","","","","","","","","","","","","","","","",
"West Bank and Gaza","PSE","CPIA gender equality rating (1=low to 6=high)","IQ.CPA.GNDR.XQ","","","","","","","","","","","","","","","","","","","","","","","","","","","","","","","","","","","","","","","","","","","","","","","","","","","","","","","","","","","","","",
"Pacific island small states","PSS","CPIA gender equality rating (1=low to 6=high)","IQ.CPA.GNDR.XQ","","","","","","","","","","","","","","","","","","","","","","","","","","","","","","","","","","","","","","","","","","","","","","3.1","3.1","3.1","3.1","3.1","3.1","3","3","3","3","3","3.0625","3.0625","3.0625","3.1875","",
"Post-demographic dividend","PST","CPIA gender equality rating (1=low to 6=high)","IQ.CPA.GNDR.XQ","","","","","","","","","","","","","","","","","","","","","","","","","","","","","","","","","","","","","","","","","","","","","","4","4.5","4.5","4.5","4.5","4.5","4","4","4","","","","","","","",
"French Polynesia","PYF","CPIA gender equality rating (1=low to 6=high)","IQ.CPA.GNDR.XQ","","","","","","","","","","","","","","","","","","","","","","","","","","","","","","","","","","","","","","","","","","","","","","","","","","","","","","","","","","","","","",
"Qatar","QAT","CPIA gender equality rating (1=low to 6=high)","IQ.CPA.GNDR.XQ","","","","","","","","","","","","","","","","","","","","","","","","","","","","","","","","","","","","","","","","","","","","","","","","","","","","","","","","","","","","","",
"Romania","ROU","CPIA gender equality rating (1=low to 6=high)","IQ.CPA.GNDR.XQ","","","","","","","","","","","","","","","","","","","","","","","","","","","","","","","","","","","","","","","","","","","","","","","","","","","","","","","","","","","","","",
"Russian Federation","RUS","CPIA gender equality rating (1=low to 6=high)","IQ.CPA.GNDR.XQ","","","","","","","","","","","","","","","","","","","","","","","","","","","","","","","","","","","","","","","","","","","","","","","","","","","","","","","","","","","","","",
"Rwanda","RWA","CPIA gender equality rating (1=low to 6=high)","IQ.CPA.GNDR.XQ","","","","","","","","","","","","","","","","","","","","","","","","","","","","","","","","","","","","","","","","","","","","","","3.5","3.5","3.5","3.5","3.5","4","4","4","4","4","4.5","4.5","4.5","4.5","4.5","",
"South Asia","SAS","CPIA gender equality rating (1=low to 6=high)","IQ.CPA.GNDR.XQ","","","","","","","","","","","","","","","","","","","","","","","","","","","","","","","","","","","","","","","","","","","","","","3.57142857142857","3.375","3.375","3.375","3.4375","3.4375","3.375","3.4375","3.375","3.35714285714286","3.35714285714286","3.16666666666667","3.08333333333333","3","3.14285714285714","",
"Saudi Arabia","SAU","CPIA gender equality rating (1=low to 6=high)","IQ.CPA.GNDR.XQ","","","","","","","","","","","","","","","","","","","","","","","","","","","","","","","","","","","","","","","","","","","","","","","","","","","","","","","","","","","","","",
"Sudan","SDN","CPIA gender equality rating (1=low to 6=high)","IQ.CPA.GNDR.XQ","","","","","","","","","","","","","","","","","","","","","","","","","","","","","","","","","","","","","","","","","","","","","","2","2","2","2","2","2.5","2.5","2.5","2.5","2.5","2.5","2.5","2.5","2.5","2.5","",
"Senegal","SEN","CPIA gender equality rating (1=low to 6=high)","IQ.CPA.GNDR.XQ","","","","","","","","","","","","","","","","","","","","","","","","","","","","","","","","","","","","","","","","","","","","","","3.5","3.5","3.5","3.5","3.5","3.5","3.5","3.5","3.5","3.5","3.5","3.5","3.5","3.5","3.5","",
"Singapore","SGP","CPIA gender equality rating (1=low to 6=high)","IQ.CPA.GNDR.XQ","","","","","","","","","","","","","","","","","","","","","","","","","","","","","","","","","","","","","","","","","","","","","","","","","","","","","","","","","","","","","",
"Solomon Islands","SLB","CPIA gender equality rating (1=low to 6=high)","IQ.CPA.GNDR.XQ","","","","","","","","","","","","","","","","","","","","","","","","","","","","","","","","","","","","","","","","","","","","","","3","3","3","3","3","3","3","3","3","3","3","3","3","3","3","",
"Sierra Leone","SLE","CPIA gender equality rating (1=low to 6=high)","IQ.CPA.GNDR.XQ","","","","","","","","","","","","","","","","","","","","","","","","","","","","","","","","","","","","","","","","","","","","","","3","3","3","3","3","3","3","3","3","3","3","3","3","3","3","",
"El Salvador","SLV","CPIA gender equality rating (1=low to 6=high)","IQ.CPA.GNDR.XQ","","","","","","","","","","","","","","","","","","","","","","","","","","","","","","","","","","","","","","","","","","","","","","","","","","","","","","","","","","","","","",
"San Marino","SMR","CPIA gender equality rating (1=low to 6=high)","IQ.CPA.GNDR.XQ","","","","","","","","","","","","","","","","","","","","","","","","","","","","","","","","","","","","","","","","","","","","","","","","","","","","","","","","","","","","","",
"Somalia","SOM","CPIA gender equality rating (1=low to 6=high)","IQ.CPA.GNDR.XQ","","","","","","","","","","","","","","","","","","","","","","","","","","","","","","","","","","","","","","","","","","","","","","","","","","","","","","","","","","2","","2","",
"Serbia","SRB","CPIA gender equality rating (1=low to 6=high)","IQ.CPA.GNDR.XQ","","","","","","","","","","","","","","","","","","","","","","","","","","","","","","","","","","","","","","","","","","","","","","4.5","3","","","","","","","","","","","","","","",
"Sub-Saharan Africa (excluding high income)","SSA","CPIA gender equality rating (1=low to 6=high)","IQ.CPA.GNDR.XQ","","","","","","","","","","","","","","","","","","","","","","","","","","","","","","","","","","","","","","","","","","","","","","3.24324324324324","3.21621621621622","3.24324324324324","3.22972972972973","3.21052631578947","3.25","3.23684210526316","3.19230769230769","3.20512820512821","3.23684210526316","3.21052631578947","3.17105263157895","3.12820512820513","3.18421052631579","3.16666666666667","",
"South Sudan","SSD","CPIA gender equality rating (1=low to 6=high)","IQ.CPA.GNDR.XQ","","","","","","","","","","","","","","","","","","","","","","","","","","","","","","","","","","","","","","","","","","","","","","","","","","","","","2.5","2.5","2.5","2.5","2","2","1.5","1.5","",
"Sub-Saharan Africa","SSF","CPIA gender equality rating (1=low to 6=high)","IQ.CPA.GNDR.XQ","","","","","","","","","","","","","","","","","","","","","","","","","","","","","","","","","","","","","","","","","","","","","","3.24324324324324","3.21621621621622","3.24324324324324","3.22972972972973","3.21052631578947","3.25","3.23684210526316","3.19230769230769","3.20512820512821","3.23684210526316","3.21052631578947","3.17105263157895","3.12820512820513","3.18421052631579","3.16666666666667","",
"Small states","SST","CPIA gender equality rating (1=low to 6=high)","IQ.CPA.GNDR.XQ","","","","","","","","","","","","","","","","","","","","","","","","","","","","","","","","","","","","","","","","","","","","","","3.65789473684211","3.575","3.5","3.5","3.5","3.45","3.36363636363636","3.32608695652174","3.32608695652174","3.28260869565217","3.26086956521739","3.23913043478261","3.26086956521739","3.26086956521739","3.30434782608696","",
"Sao Tome and Principe","STP","CPIA gender equality rating (1=low to 6=high)","IQ.CPA.GNDR.XQ","","","","","","","","","","","","","","","","","","","","","","","","","","","","","","","","","","","","","","","","","","","","","","3","3","3","3","3","3","3","3","3","3","3","3","3","3","3","",
"Suriname","SUR","CPIA gender equality rating (1=low to 6=high)","IQ.CPA.GNDR.XQ","","","","","","","","","","","","","","","","","","","","","","","","","","","","","","","","","","","","","","","","","","","","","","","","","","","","","","","","","","","","","",
"Slovak Republic","SVK","CPIA gender equality rating (1=low to 6=high)","IQ.CPA.GNDR.XQ","","","","","","","","","","","","","","","","","","","","","","","","","","","","","","","","","","","","","","","","","","","","","","","","","","","","","","","","","","","","","",
"Slovenia","SVN","CPIA gender equality rating (1=low to 6=high)","IQ.CPA.GNDR.XQ","","","","","","","","","","","","","","","","","","","","","","","","","","","","","","","","","","","","","","","","","","","","","","","","","","","","","","","","","","","","","",
"Sweden","SWE","CPIA gender equality rating (1=low to 6=high)","IQ.CPA.GNDR.XQ","","","","","","","","","","","","","","","","","","","","","","","","","","","","","","","","","","","","","","","","","","","","","","","","","","","","","","","","","","","","","",
"Eswatini","SWZ","CPIA gender equality rating (1=low to 6=high)","IQ.CPA.GNDR.XQ","","","","","","","","","","","","","","","","","","","","","","","","","","","","","","","","","","","","","","","","","","","","","","","","","","","","","","","","","","","","","",
"Sint Maarten (Dutch part)","SXM","CPIA gender equality rating (1=low to 6=high)","IQ.CPA.GNDR.XQ","","","","","","","","","","","","","","","","","","","","","","","","","","","","","","","","","","","","","","","","","","","","","","","","","","","","","","","","","","","","","",
"Seychelles","SYC","CPIA gender equality rating (1=low to 6=high)","IQ.CPA.GNDR.XQ","","","","","","","","","","","","","","","","","","","","","","","","","","","","","","","","","","","","","","","","","","","","","","","","","","","","","","","","","","","","","",
"Syrian Arab Republic","SYR","CPIA gender equality rating (1=low to 6=high)","IQ.CPA.GNDR.XQ","","","","","","","","","","","","","","","","","","","","","","","","","","","","","","","","","","","","","","","","","","","","","","","","","","","","","","","","","","","","","",
"Turks and Caicos Islands","TCA","CPIA gender equality rating (1=low to 6=high)","IQ.CPA.GNDR.XQ","","","","","","","","","","","","","","","","","","","","","","","","","","","","","","","","","","","","","","","","","","","","","","","","","","","","","","","","","","","","","",
"Chad","TCD","CPIA gender equality rating (1=low to 6=high)","IQ.CPA.GNDR.XQ","","","","","","","","","","","","","","","","","","","","","","","","","","","","","","","","","","","","","","","","","","","","","","2.5","2.5","2.5","2.5","2.5","2.5","2.5","2.5","2.5","2.5","2.5","2.5","2.5","2.5","2.5","",
"East Asia & Pacific (IDA & IBRD countries)","TEA","CPIA gender equality rating (1=low to 6=high)","IQ.CPA.GNDR.XQ","","","","","","","","","","","","","","","","","","","","","","","","","","","","","","","","","","","","","","","","","","","","","","3.31818181818182","3.33333333333333","3.36363636363636","3.36363636363636","3.36363636363636","3.36363636363636","3.30769230769231","3.28571428571429","3.3","3.3","3.3","3.25","3.25","3.25","3.32142857142857","",
"Europe & Central Asia (IDA & IBRD countries)","TEC","CPIA gender equality rating (1=low to 6=high)","IQ.CPA.GNDR.XQ","","","","","","","","","","","","","","","","","","","","","","","","","","","","","","","","","","","","","","","","","","","","","","4.1","4.1","4.3125","4.375","4.27777777777778","4.27777777777778","4.1875","4.25","4.1875","4","4.1","4.1","4.1","4.1","4.1","",
"Togo","TGO","CPIA gender equality rating (1=low to 6=high)","IQ.CPA.GNDR.XQ","","","","","","","","","","","","","","","","","","","","","","","","","","","","","","","","","","","","","","","","","","","","","","3","3","3","3","3","3","3","3","3","3","3","3","3","3","3.5","",
"Thailand","THA","CPIA gender equality rating (1=low to 6=high)","IQ.CPA.GNDR.XQ","","","","","","","","","","","","","","","","","","","","","","","","","","","","","","","","","","","","","","","","","","","","","","","","","","","","","","","","","","","","","",
"Tajikistan","TJK","CPIA gender equality rating (1=low to 6=high)","IQ.CPA.GNDR.XQ","","","","","","","","","","","","","","","","","","","","","","","","","","","","","","","","","","","","","","","","","","","","","","3.5","3.5","3.5","4","4","4","4","4","4","4","4","4","4","4","4","",
"Turkmenistan","TKM","CPIA gender equality rating (1=low to 6=high)","IQ.CPA.GNDR.XQ","","","","","","","","","","","","","","","","","","","","","","","","","","","","","","","","","","","","","","","","","","","","","","","","","","","","","","","","","","","","","",
"Latin America & the Caribbean (IDA & IBRD countries)","TLA","CPIA gender equality rating (1=low to 6=high)","IQ.CPA.GNDR.XQ","","","","","","","","","","","","","","","","","","","","","","","","","","","","","","","","","","","","","","","","","","","","","","4","4","3.83333333333333","3.83333333333333","3.77777777777778","3.66666666666667","3.72222222222222","3.61111111111111","3.55555555555556","3.5","3.5","3.3125","3.375","3.375","3.375","",
"Timor-Leste","TLS","CPIA gender equality rating (1=low to 6=high)","IQ.CPA.GNDR.XQ","","","","","","","","","","","","","","","","","","","","","","","","","","","","","","","","","","","","","","","","","","","","","","","3","3.5","3.5","3.5","3.5","3.5","3.5","3.5","3.5","3.5","3.5","3.5","3.5","3.5","",
"Middle East & North Africa (IDA & IBRD countries)","TMN","CPIA gender equality rating (1=low to 6=high)","IQ.CPA.GNDR.XQ","","","","","","","","","","","","","","","","","","","","","","","","","","","","","","","","","","","","","","","","","","","","","","2.75","2.75","2.25","2.25","2.5","2.5","2.5","2.5","2.5","2.5","2.25","2.25","2.25","2.25","2.25","",
"Tonga","TON","CPIA gender equality rating (1=low to 6=high)","IQ.CPA.GNDR.XQ","","","","","","","","","","","","","","","","","","","","","","","","","","","","","","","","","","","","","","","","","","","","","","2.5","2.5","2.5","3","3","3","3","3","3","3","3","3","3","3","3","",
"South Asia (IDA & IBRD)","TSA","CPIA gender equality rating (1=low to 6=high)","IQ.CPA.GNDR.XQ","","","","","","","","","","","","","","","","","","","","","","","","","","","","","","","","","","","","","","","","","","","","","","3.57142857142857","3.375","3.375","3.375","3.4375","3.4375","3.375","3.4375","3.375","3.35714285714286","3.35714285714286","3.16666666666667","3.08333333333333","3","3.14285714285714","",
"Sub-Saharan Africa (IDA & IBRD countries)","TSS","CPIA gender equality rating (1=low to 6=high)","IQ.CPA.GNDR.XQ","","","","","","","","","","","","","","","","","","","","","","","","","","","","","","","","","","","","","","","","","","","","","","3.24324324324324","3.21621621621622","3.24324324324324","3.22972972972973","3.21052631578947","3.25","3.23684210526316","3.19230769230769","3.20512820512821","3.23684210526316","3.21052631578947","3.17105263157895","3.12820512820513","3.18421052631579","3.16666666666667","",
"Trinidad and Tobago","TTO","CPIA gender equality rating (1=low to 6=high)","IQ.CPA.GNDR.XQ","","","","","","","","","","","","","","","","","","","","","","","","","","","","","","","","","","","","","","","","","","","","","","","","","","","","","","","","","","","","","",
"Tunisia","TUN","CPIA gender equality rating (1=low to 6=high)","IQ.CPA.GNDR.XQ","","","","","","","","","","","","","","","","","","","","","","","","","","","","","","","","","","","","","","","","","","","","","","","","","","","","","","","","","","","","","",
"Turkey","TUR","CPIA gender equality rating (1=low to 6=high)","IQ.CPA.GNDR.XQ","","","","","","","","","","","","","","","","","","","","","","","","","","","","","","","","","","","","","","","","","","","","","","","","","","","","","","","","","","","","","",
"Tuvalu","TUV","CPIA gender equality rating (1=low to 6=high)","IQ.CPA.GNDR.XQ","","","","","","","","","","","","","","","","","","","","","","","","","","","","","","","","","","","","","","","","","","","","","","","","","","","","","3","3","3","3","3","3","3","3","",
"Tanzania","TZA","CPIA gender equality rating (1=low to 6=high)","IQ.CPA.GNDR.XQ","","","","","","","","","","","","","","","","","","","","","","","","","","","","","","","","","","","","","","","","","","","","","","4","4","4","3.5","3.5","3.5","3.5","3.5","3.5","3.5","3.5","3.5","3","3","3","",
"Uganda","UGA","CPIA gender equality rating (1=low to 6=high)","IQ.CPA.GNDR.XQ","","","","","","","","","","","","","","","","","","","","","","","","","","","","","","","","","","","","","","","","","","","","","","3.5","3.5","3.5","3.5","3.5","3.5","3.5","3.5","3.5","3.5","3.5","3","3","3","3","",
"Ukraine","UKR","CPIA gender equality rating (1=low to 6=high)","IQ.CPA.GNDR.XQ","","","","","","","","","","","","","","","","","","","","","","","","","","","","","","","","","","","","","","","","","","","","","","","","","","","","","","","","","","","","","",
"Upper middle income","UMC","CPIA gender equality rating (1=low to 6=high)","IQ.CPA.GNDR.XQ","","","","","","","","","","","","","","","","","","","","","","","","","","","","","","","","","","","","","","","","","","","","","","4.06666666666667","4","3.95833333333333","4","3.92307692307692","3.84615384615385","3.69230769230769","3.64285714285714","3.64285714285714","3.36363636363636","3.36363636363636","3.31818181818182","3.36363636363636","3.36363636363636","3.36363636363636","",
"Uruguay","URY","CPIA gender equality rating (1=low to 6=high)","IQ.CPA.GNDR.XQ","","","","","","","","","","","","","","","","","","","","","","","","","","","","","","","","","","","","","","","","","","","","","","","","","","","","","","","","","","","","","",
"United States","USA","CPIA gender equality rating (1=low to 6=high)","IQ.CPA.GNDR.XQ","","","","","","","","","","","","","","","","","","","","","","","","","","","","","","","","","","","","","","","","","","","","","","","","","","","","","","","","","","","","","",
"Uzbekistan","UZB","CPIA gender equality rating (1=low to 6=high)","IQ.CPA.GNDR.XQ","","","","","","","","","","","","","","","","","","","","","","","","","","","","","","","","","","","","","","","","","","","","","","3.5","3.5","4","4","4","4","4","4","4","4","4","4","4","4","4","",
"St. Vincent and the Grenadines","VCT","CPIA gender equality rating (1=low to 6=high)","IQ.CPA.GNDR.XQ","","","","","","","","","","","","","","","","","","","","","","","","","","","","","","","","","","","","","","","","","","","","","","4.5","4.5","4","4","4","4","4","3.5","3.5","3.5","3.5","3.5","3.5","3.5","3.5","",
"Venezuela, RB","VEN","CPIA gender equality rating (1=low to 6=high)","IQ.CPA.GNDR.XQ","","","","","","","","","","","","","","","","","","","","","","","","","","","","","","","","","","","","","","","","","","","","","","","","","","","","","","","","","","","","","",
"British Virgin Islands","VGB","CPIA gender equality rating (1=low to 6=high)","IQ.CPA.GNDR.XQ","","","","","","","","","","","","","","","","","","","","","","","","","","","","","","","","","","","","","","","","","","","","","","","","","","","","","","","","","","","","","",
"Virgin Islands (U.S.)","VIR","CPIA gender equality rating (1=low to 6=high)","IQ.CPA.GNDR.XQ","","","","","","","","","","","","","","","","","","","","","","","","","","","","","","","","","","","","","","","","","","","","","","","","","","","","","","","","","","","","","",
"Vietnam","VNM","CPIA gender equality rating (1=low to 6=high)","IQ.CPA.GNDR.XQ","","","","","","","","","","","","","","","","","","","","","","","","","","","","","","","","","","","","","","","","","","","","","","4.5","4.5","4.5","4.5","4.5","4.5","4.5","4.5","4.5","4.5","4.5","","","","","",
"Vanuatu","VUT","CPIA gender equality rating (1=low to 6=high)","IQ.CPA.GNDR.XQ","","","","","","","","","","","","","","","","","","","","","","","","","","","","","","","","","","","","","","","","","","","","","","3","3","3.5","3.5","3.5","3.5","3.5","3.5","3.5","3.5","3.5","3.5","3.5","3.5","3.5","",
"World","WLD","CPIA gender equality rating (1=low to 6=high)","IQ.CPA.GNDR.XQ","","","","","","","","","","","","","","","","","","","","","","","","","","","","","","","","","","","","","","","","","","","","","","3.47368421052632","3.44230769230769","3.43333333333333","3.43333333333333","3.42857142857143","3.43506493506493","3.3974358974359","3.36875","3.35802469135802","3.32236842105263","3.30921052631579","3.23972602739726","3.21621621621622","3.23972602739726","3.25333333333333","",
"Samoa","WSM","CPIA gender equality rating (1=low to 6=high)","IQ.CPA.GNDR.XQ","","","","","","","","","","","","","","","","","","","","","","","","","","","","","","","","","","","","","","","","","","","","","","4","4","3.5","3.5","3.5","3.5","3.5","3.5","3.5","3.5","3.5","4","4","4","4","",
"Kosovo","XKX","CPIA gender equality rating (1=low to 6=high)","IQ.CPA.GNDR.XQ","","","","","","","","","","","","","","","","","","","","","","","","","","","","","","","","","","","","","","","","","","","","","","","","","","3.5","3.5","3.5","3.5","3.5","3.5","3.5","3.5","3.5","3.5","3.5","",
"Yemen, Rep.","YEM","CPIA gender equality rating (1=low to 6=high)","IQ.CPA.GNDR.XQ","","","","","","","","","","","","","","","","","","","","","","","","","","","","","","","","","","","","","","","","","","","","","","2.5","2.5","2","2","2","2","2","2","2","2","1.5","1.5","1.5","1.5","1.5","",
"South Africa","ZAF","CPIA gender equality rating (1=low to 6=high)","IQ.CPA.GNDR.XQ","","","","","","","","","","","","","","","","","","","","","","","","","","","","","","","","","","","","","","","","","","","","","","","","","","","","","","","","","","","","","",
"Zambia","ZMB","CPIA gender equality rating (1=low to 6=high)","IQ.CPA.GNDR.XQ","","","","","","","","","","","","","","","","","","","","","","","","","","","","","","","","","","","","","","","","","","","","","","3.5","3.5","3.5","3.5","3.5","3.5","3","3","3","3","3","3","3","3","3","",
"Zimbabwe","ZWE","CPIA gender equality rating (1=low to 6=high)","IQ.CPA.GNDR.XQ","","","","","","","","","","","","","","","","","","","","","","","","","","","","","","","","","","","","","","","","","","","","","","2.5","2.5","2.5","2.5","2.5","2.5","3","3","3","4","4","4","4","4","4","",
